{
	"info": {
		"_postman_id": "69ea8588-759c-4199-b546-eedf06a00522",
		"name": "Final Project",
		"schema": "https://schema.getpostman.com/json/collection/v2.1.0/collection.json",
		"_exporter_id": "21622762"
	},
	"item": [
		{
			"name": "Bus Agency (Final Project)",
			"item": [
				{
					"name": "User",
					"item": [
						{
							"name": "RegisterUser",
							"request": {
								"method": "POST",
								"header": [],
								"body": {
									"mode": "raw",
									"raw": "{\r\n  \"code\": \"PLG\",\r\n  \"details\": \"Palembang\",\r\n  \"email\": \"Yudas@gmail.com\",\r\n  \"firstName\": \"Yudas\",\r\n  \"lastName\": \"Lugas\",\r\n  \"mobileNumber\": \"087612341234\",\r\n  \"name\": \"Yugas Lugas\",\r\n  \"password\": \"root123\",\r\n  \"role\": [\r\n    \"ROLE_ADMIN\"\r\n  ],\r\n  \"username\": \"YLugas\"\r\n}",
									"options": {
										"raw": {
											"language": "json"
										}
									}
								},
								"url": {
									"raw": "http://localhost:8088/api/v1/user/signup",
									"protocol": "http",
									"host": [
										"localhost"
									],
									"port": "8088",
									"path": [
										"api",
										"v1",
										"user",
										"signup"
									]
								}
							},
							"response": []
						},
						{
							"name": "Get All",
							"protocolProfileBehavior": {
								"disableBodyPruning": true
							},
							"request": {
								"auth": {
									"type": "bearer",
									"bearer": [
										{
											"key": "token",
											"value": "eyJhbGciOiJIUzUxMiJ9.eyJzdWIiOiJIVG9sbGUiLCJpYXQiOjE2NTcwMjI2NTQsImV4cCI6MTY1NzEwOTA1NH0.7UyL60nTZXRnmb9_j454hOyf-TIXSkXlASMwSeFIz5M7i9BdqpCqgizjQV11ITa9In4cgR_G2YqqwwIJO1irkA",
											"type": "string"
										}
									]
								},
								"method": "GET",
								"header": [],
								"body": {
									"mode": "raw",
									"raw": "{\r\n  \"code\": \"PLG\",\r\n  \"details\": \"Palembang\",\r\n  \"email\": \"Yudas@gmail.com\",\r\n  \"firstName\": \"Yudas\",\r\n  \"lastName\": \"Lugas\",\r\n  \"mobileNumber\": \"087612341234\",\r\n  \"name\": \"Yugas Lugas\",\r\n  \"password\": \"root123\",\r\n  \"role\": [\r\n    \"ROLE_ADMIN\"\r\n  ],\r\n  \"username\": \"YLugas\"\r\n}",
									"options": {
										"raw": {
											"language": "json"
										}
									}
								},
								"url": {
									"raw": "http://localhost:8088/api/v1/user/",
									"protocol": "http",
									"host": [
										"localhost"
									],
									"port": "8088",
									"path": [
										"api",
										"v1",
										"user",
										""
									]
								}
							},
							"response": []
						},
						{
							"name": "UpdateUser",
							"request": {
								"method": "PUT",
								"header": [],
								"body": {
									"mode": "raw",
									"raw": "{\r\n  \"firstName\": \"Mardial\",\r\n  \"lastName\": \"Nugroho\",\r\n  \"mobileNumber\": \"08123123\"\r\n}",
									"options": {
										"raw": {
											"language": "json"
										}
									}
								},
								"url": {
									"raw": "http://localhost:8088/api/v1/user/1",
									"protocol": "http",
									"host": [
										"localhost"
									],
									"port": "8088",
									"path": [
										"api",
										"v1",
										"user",
										"1"
									]
								}
							},
							"response": []
						},
						{
							"name": "UpdatePassword",
							"request": {
								"method": "PUT",
								"header": [],
								"body": {
									"mode": "raw",
									"raw": "{\r\n  \"password\": \"string\"\r\n}",
									"options": {
										"raw": {
											"language": "json"
										}
									}
								},
								"url": {
									"raw": "http://localhost:8088/api/v1/user/password/1",
									"protocol": "http",
									"host": [
										"localhost"
									],
									"port": "8088",
									"path": [
										"api",
										"v1",
										"user",
										"password",
										"1"
									]
								}
							},
							"response": []
						}
					]
				},
				{
					"name": "Auth",
					"item": [
						{
							"name": "AuthenticateUser",
							"request": {
								"auth": {
									"type": "bearer",
									"bearer": [
										{
											"key": "token",
											"value": "eyJhbGciOiJIUzUxMiJ9.eyJzdWIiOiJsaW9uZWxtZXNzaSIsImlhdCI6MTY1NjY4OTY4OCwiZXhwIjoxNjU2Nzc2MDg4fQ.It8ilukk1H94kegi_WnQIDnSvt6A_7fjyd489eQ5_FYSkX-psRjgDwy9rHux4uttHgfxF3L-a80nP-Yf4KXBZg",
											"type": "string"
										}
									]
								},
								"method": "POST",
								"header": [],
								"body": {
									"mode": "raw",
									"raw": "{\r\n    \"password\" : \"root123\",\r\n    \"username\" : \"HTolle\"\r\n}",
									"options": {
										"raw": {
											"language": "json"
										}
									}
								},
								"url": {
									"raw": "http://localhost:8088/api/auth",
									"protocol": "http",
									"host": [
										"localhost"
									],
									"port": "8088",
									"path": [
										"api",
										"auth"
									]
								}
							},
							"response": []
						}
					]
				},
				{
					"name": "Agency",
					"item": [
						{
							"name": "GetAllAgency",
							"request": {
								"auth": {
									"type": "bearer",
									"bearer": [
										{
											"key": "token",
											"value": "eyJhbGciOiJIUzUxMiJ9.eyJzdWIiOiJNdWxsZXQiLCJpYXQiOjE2NTY2ODg2NTEsImV4cCI6MTY1Njc3NTA1MX0.nC4bwcPpgcNFFLH0Ho_MBfOYf5CqZ-zULJRDrTZLA1HEPQWjuQ1uVzOt_lRdM6MeyObt8EsryMIj82vyzo0qSg",
											"type": "string"
										}
									]
								},
								"method": "GET",
								"header": [],
								"url": {
									"raw": "http://localhost:8088/api/v1/agency/",
									"protocol": "http",
									"host": [
										"localhost"
									],
									"port": "8088",
									"path": [
										"api",
										"v1",
										"agency",
										""
									]
								}
							},
							"response": []
						},
						{
							"name": "GetAgencyById",
							"protocolProfileBehavior": {
								"disableBodyPruning": true
							},
							"request": {
								"auth": {
									"type": "bearer",
									"bearer": [
										{
											"key": "token",
											"value": "eyJhbGciOiJIUzUxMiJ9.eyJzdWIiOiJNdWxsZXQiLCJpYXQiOjE2NTY2ODg2NTEsImV4cCI6MTY1Njc3NTA1MX0.nC4bwcPpgcNFFLH0Ho_MBfOYf5CqZ-zULJRDrTZLA1HEPQWjuQ1uVzOt_lRdM6MeyObt8EsryMIj82vyzo0qSg",
											"type": "string"
										}
									]
								},
								"method": "GET",
								"header": [],
								"body": {
									"mode": "formdata",
									"formdata": []
								},
								"url": {
									"raw": "http://localhost:8088/api/v1/agency/4",
									"protocol": "http",
									"host": [
										"localhost"
									],
									"port": "8088",
									"path": [
										"api",
										"v1",
										"agency",
										"4"
									]
								}
							},
							"response": []
						},
						{
							"name": "AddAgency",
							"request": {
								"auth": {
									"type": "bearer",
									"bearer": [
										{
											"key": "token",
											"value": "{{Token Admine HTolle}}",
											"type": "string"
										}
									]
								},
								"method": "POST",
								"header": [],
								"body": {
									"mode": "raw",
									"raw": "{\r\n  \"code\": \"MKS\",\r\n  \"details\": \"Makassar\",\r\n  \"name\": \"Herman_2\",\r\n  \"owner\": 1\r\n}",
									"options": {
										"raw": {
											"language": "json"
										}
									}
								},
								"url": {
									"raw": "http://localhost:8088/api/v1/agency/",
									"protocol": "http",
									"host": [
										"localhost"
									],
									"port": "8088",
									"path": [
										"api",
										"v1",
										"agency",
										""
									]
								}
							},
							"response": []
						},
						{
							"name": "UpdateAgency",
							"request": {
								"method": "PUT",
								"header": [],
								"body": {
									"mode": "raw",
									"raw": "{\r\n  \"code\": \"JMB\",\r\n  \"details\": \"Jember\",\r\n  \"name\": \"Rosalina\",\r\n  \"owner\": 3\r\n}",
									"options": {
										"raw": {
											"language": "json"
										}
									}
								},
								"url": {
									"raw": "http://localhost:8088/api/v1/agency/1",
									"protocol": "http",
									"host": [
										"localhost"
									],
									"port": "8088",
									"path": [
										"api",
										"v1",
										"agency",
										"1"
									]
								}
							},
							"response": []
						},
						{
							"name": "DeleteAgency",
							"request": {
								"auth": {
									"type": "bearer",
									"bearer": [
										{
											"key": "token",
											"value": "{{Token Admine HTolle}}",
											"type": "string"
										}
									]
								},
								"method": "DELETE",
								"header": [],
								"url": {
									"raw": "http://localhost:8088/api/v1/agency/7",
									"protocol": "http",
									"host": [
										"localhost"
									],
									"port": "8088",
									"path": [
										"api",
										"v1",
										"agency",
										"7"
									]
								}
							},
							"response": []
						}
					]
				},
				{
					"name": "Bus",
					"item": [
						{
							"name": "GetAllBus",
							"request": {
								"auth": {
									"type": "bearer",
									"bearer": [
										{
											"key": "token",
											"value": "eyJhbGciOiJIUzUxMiJ9.eyJzdWIiOiJhbGRpcmFyaXpreXAiLCJpYXQiOjE2NTY2ODc4MzMsImV4cCI6MTY1Njc3NDIzM30.E6NVpNb7FwN5bMW-SHrAiNBeIFkGlEht1vuQeF8gKJ5bG3pWlDgY2dh-U1rq64TjRkNIqjtBbUBZDqRBMZ4PGA",
											"type": "string"
										}
									]
								},
								"method": "GET",
								"header": [],
								"url": {
									"raw": "http://localhost:8088/api/v1/bus/",
									"protocol": "http",
									"host": [
										"localhost"
									],
									"port": "8088",
									"path": [
										"api",
										"v1",
										"bus",
										""
									]
								}
							},
							"response": []
						},
						{
							"name": "GetBusByAgencyId",
							"request": {
								"method": "GET",
								"header": [],
								"url": {
									"raw": "http://localhost:8088/api/v1/bus/1",
									"protocol": "http",
									"host": [
										"localhost"
									],
									"port": "8088",
									"path": [
										"api",
										"v1",
										"bus",
										"1"
									]
								}
							},
							"response": []
						},
						{
							"name": "AddBusByAgencyId",
							"request": {
								"method": "POST",
								"header": [],
								"body": {
									"mode": "raw",
									"raw": "{\r\n  \"capacity\": 30,\r\n  \"code\": \"PLG-JMB\",\r\n  \"make\": \"30\"\r\n}",
									"options": {
										"raw": {
											"language": "json"
										}
									}
								},
								"url": {
									"raw": "http://localhost:8088/api/v1/bus/1",
									"protocol": "http",
									"host": [
										"localhost"
									],
									"port": "8088",
									"path": [
										"api",
										"v1",
										"bus",
										"1"
									]
								}
							},
							"response": []
						},
						{
							"name": "UpdateBus",
							"request": {
								"method": "PUT",
								"header": [],
								"body": {
									"mode": "raw",
									"raw": "{\r\n  \"capacity\": 30,\r\n  \"code\": \"PKL-TGR\",\r\n  \"make\": \"30\"\r\n}"
								},
								"url": {
									"raw": "http://localhost:8088/api/v1/bus/1",
									"protocol": "http",
									"host": [
										"localhost"
									],
									"port": "8088",
									"path": [
										"api",
										"v1",
										"bus",
										"1"
									]
								}
							},
							"response": []
						},
						{
							"name": "DeleteBus",
							"request": {
								"method": "DELETE",
								"header": [],
								"url": {
									"raw": "http://localhost:8088/api/v1/bus/1",
									"protocol": "http",
									"host": [
										"localhost"
									],
									"port": "8088",
									"path": [
										"api",
										"v1",
										"bus",
										"1"
									]
								}
							},
							"response": []
						}
					]
				},
				{
					"name": "Stop",
					"item": [
						{
							"name": "GetAllStops",
							"request": {
								"method": "GET",
								"header": [],
								"url": {
									"raw": "http://localhost:8088/api/v1/stop/",
									"protocol": "http",
									"host": [
										"localhost"
									],
									"port": "8088",
									"path": [
										"api",
										"v1",
										"stop",
										""
									]
								}
							},
							"response": []
						},
						{
							"name": "GetStopById",
							"protocolProfileBehavior": {
								"disableBodyPruning": true
							},
							"request": {
								"method": "GET",
								"header": [],
								"body": {
									"mode": "raw",
									"raw": "{\r\n  \"code\": \"string\",\r\n  \"detail\": \"string\",\r\n  \"id\": 0,\r\n  \"name\": \"string\"\r\n}",
									"options": {
										"raw": {
											"language": "json"
										}
									}
								},
								"url": {
									"raw": "http://localhost:8088/api/v1/stop/1",
									"protocol": "http",
									"host": [
										"localhost"
									],
									"port": "8088",
									"path": [
										"api",
										"v1",
										"stop",
										"1"
									]
								}
							},
							"response": []
						},
						{
							"name": "AddStops",
							"request": {
								"method": "POST",
								"header": [],
								"body": {
									"mode": "raw",
									"raw": "{\r\n  \"code\": \"JGC\",\r\n  \"detail\": \"1-10\",\r\n  \"id\": 1,\r\n  \"name\": \"Senayan JGC\"\r\n}",
									"options": {
										"raw": {
											"language": "json"
										}
									}
								},
								"url": {
									"raw": "http://localhost:8088/api/v1/stop/",
									"protocol": "http",
									"host": [
										"localhost"
									],
									"port": "8088",
									"path": [
										"api",
										"v1",
										"stop",
										""
									]
								}
							},
							"response": []
						},
						{
							"name": "DeleteStop",
							"request": {
								"method": "DELETE",
								"header": [],
								"url": {
									"raw": "http://localhost:8088/api/v1/stop/1",
									"protocol": "http",
									"host": [
										"localhost"
									],
									"port": "8088",
									"path": [
										"api",
										"v1",
										"stop",
										"1"
									]
								}
							},
							"response": []
						}
					]
				},
				{
					"name": "Ticket",
					"item": [
						{
							"name": "GetAllTicket",
							"request": {
								"auth": {
									"type": "bearer",
									"bearer": [
										{
											"key": "token",
											"value": "eyJhbGciOiJIUzUxMiJ9.eyJzdWIiOiJNdWxsZXQiLCJpYXQiOjE2NTY2OTAxNzcsImV4cCI6MTY1Njc3NjU3N30.-9xbgzFlvhhPvmOV0d7CNSqkWBVTwxfC-arSzA9iwd0N0OpThUSiy6361w1NKqjvOFpybzlCN2qLo7mkGURMyw",
											"type": "string"
										}
									]
								},
								"method": "GET",
								"header": [],
								"url": {
									"raw": "http://localhost:8088/api/v1/ticket/",
									"protocol": "http",
									"host": [
										"localhost"
									],
									"port": "8088",
									"path": [
										"api",
										"v1",
										"ticket",
										""
									]
								}
							},
							"response": []
						},
						{
							"name": "GetTicketById",
							"request": {
								"method": "GET",
								"header": [],
								"url": {
									"raw": "http://localhost:8088/api/v1/ticket/1",
									"protocol": "http",
									"host": [
										"localhost"
									],
									"port": "8088",
									"path": [
										"api",
										"v1",
										"ticket",
										"1"
									]
								}
							},
							"response": []
						},
						{
							"name": "beliTiket",
							"request": {
								"auth": {
									"type": "bearer",
									"bearer": [
										{
											"key": "token",
											"value": "{{Token Admine HTolle}}",
											"type": "string"
										}
									]
								},
								"method": "POST",
								"header": [],
								"body": {
									"mode": "raw",
									"raw": "{\r\n  \"seatNumber\": 30,\r\n  \"cancellable\": true,\r\n  \"journeyDate\": \"04/07/2022\",\r\n  \"passegerId\": 2,\r\n  \"tripScheduleId\": 2\r\n}",
									"options": {
										"raw": {
											"language": "json"
										}
									}
								},
								"url": {
									"raw": "http://localhost:8088/api/v1/ticket/",
									"protocol": "http",
									"host": [
										"localhost"
									],
									"port": "8088",
									"path": [
										"api",
										"v1",
										"ticket",
										""
									]
								}
							},
							"response": []
						},
						{
							"name": "UpdateTicket",
							"request": {
								"method": "PUT",
								"header": [],
								"body": {
									"mode": "raw",
									"raw": "{\r\n  \"cancellable\": true,\r\n  \"journeyDate\": \"string\",\r\n  \"passegerId\": 0,\r\n  \"seatNumber\": 0,\r\n  \"tripScheduleId\": 0\r\n}",
									"options": {
										"raw": {
											"language": "json"
										}
									}
								},
								"url": {
									"raw": "http://localhost:8088/api/v1/ticket/1",
									"protocol": "http",
									"host": [
										"localhost"
									],
									"port": "8088",
									"path": [
										"api",
										"v1",
										"ticket",
										"1"
									]
								}
							},
							"response": []
						},
						{
							"name": "DeleteTicket",
							"request": {
								"method": "DELETE",
								"header": [],
								"url": {
									"raw": "http://localhost:8088/api/v1/ticket/1",
									"protocol": "http",
									"host": [
										"localhost"
									],
									"port": "8088",
									"path": [
										"api",
										"v1",
										"ticket",
										"1"
									]
								}
							},
							"response": []
						}
					]
				},
				{
					"name": "Trip",
					"item": [
						{
							"name": "GetAllTrip",
							"request": {
								"auth": {
									"type": "bearer",
									"bearer": [
										{
											"key": "token",
											"value": "eyJhbGciOiJIUzUxMiJ9.eyJzdWIiOiJNdWxsZXQiLCJpYXQiOjE2NTY2OTAxNzcsImV4cCI6MTY1Njc3NjU3N30.-9xbgzFlvhhPvmOV0d7CNSqkWBVTwxfC-arSzA9iwd0N0OpThUSiy6361w1NKqjvOFpybzlCN2qLo7mkGURMyw",
											"type": "string"
										}
									]
								},
								"method": "GET",
								"header": [],
								"url": {
									"raw": "http://localhost:8088/api/v1/trip/",
									"protocol": "http",
									"host": [
										"localhost"
									],
									"port": "8088",
									"path": [
										"api",
										"v1",
										"trip",
										""
									]
								}
							},
							"response": []
						},
						{
							"name": "GetTripByAgencyId",
							"request": {
								"auth": {
									"type": "bearer",
									"bearer": [
										{
											"key": "token",
											"value": "eyJhbGciOiJIUzUxMiJ9.eyJzdWIiOiJNdWxsZXQiLCJpYXQiOjE2NTY2OTAxNzcsImV4cCI6MTY1Njc3NjU3N30.-9xbgzFlvhhPvmOV0d7CNSqkWBVTwxfC-arSzA9iwd0N0OpThUSiy6361w1NKqjvOFpybzlCN2qLo7mkGURMyw",
											"type": "string"
										}
									]
								},
								"method": "GET",
								"header": [],
								"url": {
									"raw": "http://localhost:8088/api/v1/trip/1",
									"protocol": "http",
									"host": [
										"localhost"
									],
									"port": "8088",
									"path": [
										"api",
										"v1",
										"trip",
										"1"
									]
								}
							},
							"response": []
						},
						{
							"name": "AddTrip",
							"request": {
								"method": "POST",
								"header": [],
								"body": {
									"mode": "raw",
									"raw": "{\r\n  \"agencyId\": 4,\r\n  \"busId\": 7,\r\n  \"destStopId\": 1,\r\n  \"fare\": 70000,\r\n  \"journeyTime\": 1200,\r\n  \"sourceStopId\": 3\r\n}",
									"options": {
										"raw": {
											"language": "json"
										}
									}
								},
								"url": {
									"raw": "http://localhost:8088/api/v1/trip/",
									"protocol": "http",
									"host": [
										"localhost"
									],
									"port": "8088",
									"path": [
										"api",
										"v1",
										"trip",
										""
									]
								}
							},
							"response": []
						},
						{
							"name": "UpdateTrip",
							"request": {
								"method": "PUT",
								"header": [],
								"body": {
									"mode": "raw",
									"raw": "{\r\n  \"agencyId\": 1,\r\n  \"busId\": 7,\r\n  \"destStopId\": 1,\r\n  \"fare\": 70000,\r\n  \"journeyTime\": 1020,\r\n  \"sourceStopId\": 5\r\n}"
								},
								"url": {
									"raw": "http://localhost:8088/api/v1/trip/1",
									"protocol": "http",
									"host": [
										"localhost"
									],
									"port": "8088",
									"path": [
										"api",
										"v1",
										"trip",
										"1"
									]
								}
							},
							"response": []
						},
						{
							"name": "DeleteTrip",
							"request": {
								"method": "DELETE",
								"header": [],
								"url": {
									"raw": "http://localhost:8088/api/v1/trip/2",
									"protocol": "http",
									"host": [
										"localhost"
									],
									"port": "8088",
									"path": [
										"api",
										"v1",
										"trip",
										"2"
									]
								}
							},
							"response": []
						}
					]
				},
				{
					"name": "TripSchedule",
					"item": [
						{
							"name": "GetAllTripSchedule",
							"request": {
								"method": "GET",
								"header": [],
								"url": {
									"raw": "http://localhost:8088/api/v1/tripschedule/",
									"protocol": "http",
									"host": [
										"localhost"
									],
									"port": "8088",
									"path": [
										"api",
										"v1",
										"tripschedule",
										""
									]
								}
							},
							"response": []
						},
						{
							"name": "GetTripScheduleById",
							"request": {
								"method": "GET",
								"header": [],
								"url": {
									"raw": "http://localhost:8088/api/v1/tripschedule/1",
									"protocol": "http",
									"host": [
										"localhost"
									],
									"port": "8088",
									"path": [
										"api",
										"v1",
										"tripschedule",
										"1"
									]
								}
							},
							"response": []
						},
						{
							"name": "AddTripSchedule",
							"request": {
								"method": "POST",
								"header": [],
								"body": {
									"mode": "raw",
									"raw": "{\r\n  \"available_seats\": 30,\r\n  \"tripDate\": \"02/07/2022\",\r\n  \"trip_detail\": 3\r\n}",
									"options": {
										"raw": {
											"language": "json"
										}
									}
								},
								"url": {
									"raw": "http://localhost:8088/api/v1/tripschedule/",
									"protocol": "http",
									"host": [
										"localhost"
									],
									"port": "8088",
									"path": [
										"api",
										"v1",
										"tripschedule",
										""
									]
								}
							},
							"response": []
						},
						{
							"name": "UpdateTripSchedule",
							"request": {
								"method": "PUT",
								"header": [],
								"body": {
									"mode": "raw",
									"raw": "{\r\n  \"available_seats\": 30,\r\n  \"tripDate\": \"02/07/2022\",\r\n  \"trip_detail\": 3\r\n}",
									"options": {
										"raw": {
											"language": "json"
										}
									}
								},
								"url": {
									"raw": "http://localhost:8088/api/v1/tripschedule/",
									"protocol": "http",
									"host": [
										"localhost"
									],
									"port": "8088",
									"path": [
										"api",
										"v1",
										"tripschedule",
										""
									]
								}
							},
							"response": []
						},
						{
							"name": "DeleteTripSchedule",
							"request": {
								"method": "DELETE",
								"header": [],
								"url": {
									"raw": "http://localhost:8088/api/v1/trip_schedule/1",
									"protocol": "http",
									"host": [
										"localhost"
									],
									"port": "8088",
									"path": [
										"api",
										"v1",
										"trip_schedule",
										"1"
									]
								}
							},
							"response": []
						}
					]
				}
			]
		}
	]
}